{
  "avg_mAP50": [
    0.4810760043670947,
    0.48153748960887044,
    0.4815136621381886,
    0.4817560783542038,
    0.48166130714240746
  ],
  "classwise_mAP50": [
    [
      0.5856009652491155,
      0.5157257752216212,
      0.4004487726697843,
      0.4225285043278577
    ],
    [
      0.5857343006936853,
      0.5163742713589184,
      0.401693015685537,
      0.42234837069734094
    ],
    [
      0.585627229469926,
      0.5163930136685203,
      0.4021453720720687,
      0.4218890333422393
    ],
    [
      0.5857277512939032,
      0.5165769473572168,
      0.4023693247026329,
      0.4223502900630622
    ],
    [
      0.5856620444949441,
      0.5164362815569714,
      0.4021646870908284,
      0.42238221542688587
    ]
  ],
  "data_cnt": [
    0,
    1,
    2,
    3,
    4
  ]
}