{
  "avg_mAP50": [
    0.4810760043670947,
    0.4810760043670947,
    0.4810760043670947,
    0.4810760043670947,
    0.4810760043670947
  ],
  "classwise_mAP50": [
    [
      0.5856009652491155,
      0.5157257752216212,
      0.4004487726697843,
      0.4225285043278577
    ],
    [
      0.5856009652491155,
      0.5157257752216212,
      0.4004487726697843,
      0.4225285043278577
    ],
    [
      0.5856009652491155,
      0.5157257752216212,
      0.4004487726697843,
      0.4225285043278577
    ],
    [
      0.5856009652491155,
      0.5157257752216212,
      0.4004487726697843,
      0.4225285043278577
    ],
    [
      0.5856009652491155,
      0.5157257752216212,
      0.4004487726697843,
      0.4225285043278577
    ]
  ],
  "data_cnt": [
    0,
    1,
    2,
    3,
    4
  ]
}